,precision,recall,f1-score,support
Negatif,0.7751479289940828,0.8851351351351351,0.8264984227129337,148.0
Netral,0.0,0.0,0.0,15.0
Positif,0.9107142857142857,0.8869565217391304,0.8986784140969163,230.0
accuracy,0.8524173027989822,0.8524173027989822,0.8524173027989822,0.8524173027989822
macro avg,0.5619540715694562,0.5906972189580885,0.5750589456032834,393.0
weighted avg,0.8249012193521883,0.8524173027989822,0.8371954244371628,393.0
